,IP,DATE,PICS,0,1,2,Unnamed: 1
0,123.123.123.123,26/Apr/2000,wpaper.gif,,,,
1,123.123.123.123,26/Apr/2000,No Image,,,,
2,123.123.123.123,26/Apr/2000,5star2000.gif,,,,
3,123.123.123.123,26/Apr/2000,5star.gif,,,,
4,123.123.123.123,26/Apr/2000,a2hlogo.jpg,,,,
5,123.123.123.123,26/Apr/2000,No Image,,,,
6,123.123.123.123,26/Apr/2000,wpaper.gif,,,,
7,123.123.123.123,26/Apr/2000,No Image,,,,
8,123.123.123.123,26/Apr/2000,5star2000.gif,,,,
9,123.123.123.123,26/Apr/2000,5star.gif,,,,
10,123.123.123.123,26/Apr/2000,wpaper.gif,,,,
11,123.123.123.123,26/Apr/2000,No Image,,,,
12,123.123.123.123,26/Apr/2000,5star2000.gif,,,,
13,123.123.123.123,26/Apr/2000,5star.gif,,,,
14,123.123.123.123,26/Apr/2000,a2hlogo.jpg,,,,
15,123.123.123.123,26/Apr/2000,No Image,,,,
16,123.123.123.123,26/Apr/2000,wpaper.gif,,,,
17,123.123.123.123,26/Apr/2000,No Image,,,,
18,123.123.123.123,26/Apr/2000,5star2000.gif,,,,
19,123.123.123.123,26/Apr/2000,5star.gif,,,,
20,123.123.123.123,26/Apr/2000,wpaper.gif,,,,
21,123.123.123.123,26/Apr/2000,No Image,,,,
22,123.123.123.123,26/Apr/2000,5star2000.gif,,,,
23,123.123.123.123,26/Apr/2000,5star.gif,,,,
24,123.123.123.123,26/Apr/2000,a2hlogo.jpg,,,,
25,123.123.123.123,26/Apr/2000,No Image,,,,
26,123.123.123.123,26/Apr/2000,wpaper.gif,,,,
27,123.123.123.123,26/Apr/2000,No Image,,,,
28,123.123.123.123,26/Apr/2000,5star2000.gif,,,,
29,123.123.123.123,26/Apr/2000,5star.gif,,,,
0,,,,123.123.123.123,26/Apr/2000,wpaper.gif,
1,,,,123.123.123.123,26/Apr/2000,No Image,
2,,,,123.123.123.123,26/Apr/2000,5star2000.gif,
3,,,,123.123.123.123,26/Apr/2000,5star.gif,
4,,,,123.123.123.123,26/Apr/2000,a2hlogo.jpg,
5,,,,123.123.123.123,26/Apr/2000,No Image,
6,,,,123.123.123.123,26/Apr/2000,wpaper.gif,
7,,,,123.123.123.123,26/Apr/2000,No Image,
8,,,,123.123.123.123,26/Apr/2000,5star2000.gif,
9,,,,123.123.123.123,26/Apr/2000,5star.gif,
10,,,,123.123.123.123,26/Apr/2000,wpaper.gif,
11,,,,123.123.123.123,26/Apr/2000,No Image,
12,,,,123.123.123.123,26/Apr/2000,5star2000.gif,
13,,,,123.123.123.123,26/Apr/2000,5star.gif,
14,,,,123.123.123.123,26/Apr/2000,a2hlogo.jpg,
15,,,,123.123.123.123,26/Apr/2000,No Image,
16,,,,123.123.123.123,26/Apr/2000,wpaper.gif,
17,,,,123.123.123.123,26/Apr/2000,No Image,
18,,,,123.123.123.123,26/Apr/2000,5star2000.gif,
19,,,,123.123.123.123,26/Apr/2000,5star.gif,
20,,,,123.123.123.123,26/Apr/2000,wpaper.gif,
21,,,,123.123.123.123,26/Apr/2000,No Image,
22,,,,123.123.123.123,26/Apr/2000,5star2000.gif,
23,,,,123.123.123.123,26/Apr/2000,5star.gif,
24,,,,123.123.123.123,26/Apr/2000,a2hlogo.jpg,
25,,,,123.123.123.123,26/Apr/2000,No Image,
26,,,,123.123.123.123,26/Apr/2000,wpaper.gif,
27,,,,123.123.123.123,26/Apr/2000,No Image,
28,,,,123.123.123.123,26/Apr/2000,5star2000.gif,
29,,,,123.123.123.123,26/Apr/2000,5star.gif,
0,123.123.123.123,,wpaper.gif,,,,
1,123.123.123.123,,No Image,,,,
2,123.123.123.123,,5star2000.gif,,,,
3,123.123.123.123,,5star.gif,,,,
4,123.123.123.123,,a2hlogo.jpg,,,,
5,123.123.123.123,,No Image,,,,
6,123.123.123.123,,wpaper.gif,,,,
7,123.123.123.123,,No Image,,,,
8,123.123.123.123,,5star2000.gif,,,,
9,123.123.123.123,,5star.gif,,,,
